cluster_name,n_nuclei,01 IT-ET Glut,02 NP-CT-L6b Glut,03 OB-CR Glut,04 DG-IMN Glut,05 OB-IMN GABA,06 CTX-CGE GABA,07 CTX-MGE GABA,08 CNU-MGE GABA,09 CNU-LGE GABA,10 LSX GABA,11 CNU-HYa GABA,12 HY GABA,13 CNU-HYa Glut,14 HY Glut,17 MH-LH Glut,18 TH Glut,19 MB Glut,20 MB GABA,24 MY Glut,26 P GABA,27 MY GABA,29 CB Glut,30 Astro-Epen,31 OPC-Oligo,32 OEC,33 Vascular,34 Immune
Astrocytes,6954,0.067443,0.0,0.0,0.000288,0.007334,0.0,0.0,0.0,0.000431,0.0,0.0,0.0,0.0,0.0,0.0,0.0,0.0,0.0,0.0,0.0,0.0,0.0,0.924504,0.0,0.0,0.0,0.0
Basal-Ganglia-GABAergic-Neurons,561,0.976827,0.001783,0.0,0.001783,0.001783,0.0,0.00713,0.0,0.003565,0.0,0.001783,0.0,0.0,0.0,0.0,0.0,0.001783,0.001783,0.0,0.001783,0.0,0.0,0.0,0.0,0.0,0.0,0.0
Cholinergic-Neurons,58,0.0,0.0,0.0,0.0,0.0,0.0,0.0,0.844828,0.0,0.017241,0.017241,0.034483,0.034483,0.0,0.0,0.034483,0.017241,0.0,0.0,0.0,0.0,0.0,0.0,0.0,0.0,0.0,0.0
Choroid-Plexus-Epithelial-Cells,245,0.0,0.0,0.0,0.0,0.0,0.0,0.0,0.0,0.0,0.0,0.0,0.0,0.0,0.0,0.0,0.0,0.0,0.0,0.0,0.0,0.0,0.0,1.0,0.0,0.0,0.0,0.0
Endothelial-cell,1485,0.000673,0.0,0.0,0.0,0.000673,0.0,0.0,0.0,0.001347,0.0,0.0,0.0,0.0,0.0,0.0,0.0,0.0,0.0,0.0,0.0,0.0,0.0,0.000673,0.000673,0.0,0.995286,0.000673
Ependymal-cell,472,0.0,0.002119,0.0,0.0,0.002119,0.0,0.0,0.0,0.002119,0.0,0.0,0.0,0.0,0.0,0.0,0.002119,0.0,0.0,0.0,0.0,0.0,0.0,0.989407,0.002119,0.0,0.0,0.0
Erbb4-VIP-inhibitory-neurons,8091,0.0,0.0,0.0,0.000247,0.999011,0.0,0.0,0.0,0.0,0.0,0.0,0.0,0.0,0.0,0.0,0.0,0.0,0.0,0.0,0.0,0.0,0.0,0.000371,0.000371,0.0,0.0,0.0
Erbb4-inhibitory-neurons,1579,0.000633,0.000633,0.0,0.0,0.0,0.002533,0.978467,0.0095,0.0,0.0,0.0038,0.0019,0.0,0.0,0.0,0.0,0.0,0.002533,0.0,0.0,0.0,0.0,0.0,0.0,0.0,0.0,0.0
Excitatory principal neurons in the hippocampal dentate gyrus,1583,0.000632,0.0,0.0,0.999368,0.0,0.0,0.0,0.0,0.0,0.0,0.0,0.0,0.0,0.0,0.0,0.0,0.0,0.0,0.0,0.0,0.0,0.0,0.0,0.0,0.0,0.0,0.0
Excitatory-Pyramidal,2570,0.989883,0.000389,0.0,0.001556,0.0,0.0,0.000389,0.0,0.000389,0.0,0.0,0.0,0.005447,0.0,0.0,0.0,0.001167,0.0,0.0,0.000389,0.000389,0.0,0.0,0.0,0.0,0.0,0.0
Excitatory-Pyramidal-Satb2-Cux2,5023,0.999005,0.000398,0.0,0.000199,0.000199,0.0,0.0,0.0,0.0,0.0,0.0,0.0,0.0,0.0,0.0,0.0,0.0,0.000199,0.0,0.0,0.0,0.0,0.0,0.0,0.0,0.0,0.0
Excitatory-Rorb,3582,1.0,0.0,0.0,0.0,0.0,0.0,0.0,0.0,0.0,0.0,0.0,0.0,0.0,0.0,0.0,0.0,0.0,0.0,0.0,0.0,0.0,0.0,0.0,0.0,0.0,0.0,0.0
Excitatory-neurons,1526,0.70118,0.292923,0.000655,0.000655,0.0,0.0,0.0,0.000655,0.0,0.0,0.000655,0.0,0.002621,0.0,0.0,0.0,0.0,0.0,0.000655,0.0,0.0,0.0,0.0,0.0,0.0,0.0,0.0
Excitatory-neurons-Cajal-Retzius-cells-layer-I-Reelin,286,0.0,0.0,0.993007,0.0,0.0,0.0,0.0,0.0,0.0,0.0,0.003497,0.0,0.003497,0.0,0.0,0.0,0.0,0.0,0.0,0.0,0.0,0.0,0.0,0.0,0.0,0.0,0.0
Foxp2-Excitatory-Neurons-layers-6-and-2-3,2774,0.002163,0.996756,0.0,0.0,0.00036,0.0,0.0,0.0,0.0,0.0,0.0,0.00036,0.0,0.0,0.0,0.0,0.0,0.0,0.0,0.0,0.0,0.0,0.0,0.00036,0.0,0.0,0.0
GABAergic inhibitory interneurons,339,0.0,0.0,0.0,0.0,0.00295,0.0,0.0,0.0,0.979351,0.00295,0.011799,0.0,0.00295,0.0,0.0,0.0,0.0,0.0,0.0,0.0,0.0,0.0,0.0,0.0,0.0,0.0,0.0
GABAergic-inhibitory-interneurons-Dlx6os1-Erbb4,421,0.0,0.0,0.0,0.0,1.0,0.0,0.0,0.0,0.0,0.0,0.0,0.0,0.0,0.0,0.0,0.0,0.0,0.0,0.0,0.0,0.0,0.0,0.0,0.0,0.0,0.0,0.0
GABAergic-inhibitory-interneurons-VIP-positive,66,0.0,0.0,0.0,0.0,1.0,0.0,0.0,0.0,0.0,0.0,0.0,0.0,0.0,0.0,0.0,0.0,0.0,0.0,0.0,0.0,0.0,0.0,0.0,0.0,0.0,0.0,0.0
Glutamatergic-excitatory-neurons-Cortical-layer-2-4-pyramidal-neurons,112,0.008929,0.0,0.401786,0.0,0.0,0.0,0.0,0.008929,0.0,0.0,0.0,0.0,0.544643,0.017857,0.0,0.008929,0.0,0.0,0.008929,0.0,0.0,0.0,0.0,0.0,0.0,0.0,0.0
Inhibitory-Neurons,543,0.003683,0.0,0.0,0.0,0.031308,0.014733,0.003683,0.307551,0.049724,0.202578,0.106814,0.167587,0.027624,0.005525,0.020258,0.0,0.003683,0.053407,0.0,0.001842,0.0,0.0,0.0,0.0,0.0,0.0,0.0
Microglia,2286,0.000875,0.0,0.0,0.0,0.000875,0.0,0.0,0.0,0.0,0.000437,0.000437,0.0,0.0,0.0,0.0,0.0,0.0,0.0,0.0,0.0,0.0,0.0,0.000875,0.002187,0.0,0.00175,0.992563
Ndnf-positive-neurogliaform-inhibitory-interneurons-GABAergic,751,0.0,0.0,0.0,0.0,1.0,0.0,0.0,0.0,0.0,0.0,0.0,0.0,0.0,0.0,0.0,0.0,0.0,0.0,0.0,0.0,0.0,0.0,0.0,0.0,0.0,0.0,0.0
OPC,1636,0.000611,0.0,0.000611,0.0,0.0,0.0,0.0,0.0,0.000611,0.0,0.0,0.0,0.000611,0.0,0.0,0.0,0.0,0.000611,0.0,0.0,0.0,0.0,0.0,0.996944,0.0,0.0,0.0
Oligodendrocytes,6394,0.000313,0.000156,0.0,0.0,0.000469,0.0,0.0,0.0,0.000156,0.0,0.0,0.0,0.0,0.0,0.0,0.0,0.0,0.0,0.0,0.000156,0.0,0.0,0.000469,0.998123,0.0,0.000156,0.0
Pericyte,1014,0.0,0.0,0.0,0.000986,0.000986,0.0,0.0,0.0,0.0,0.0,0.0,0.0,0.0,0.0,0.0,0.0,0.0,0.0,0.0,0.0,0.0,0.0,0.000986,0.0,0.0,0.997041,0.0
Ptprz1-protoplasmic-astrocytes,609,0.0,0.0,0.001642,0.0,0.0,0.0,0.0,0.0,0.0,0.0,0.0,0.0,0.0,0.0,0.0,0.0,0.0,0.0,0.0,0.0,0.0,0.0,0.0,0.0,0.998358,0.0,0.0
Reln-neurons,1100,0.0,0.0,0.0,0.0,0.0,0.659091,0.189091,0.121818,0.002727,0.000909,0.025455,0.0,0.000909,0.0,0.0,0.0,0.0,0.0,0.0,0.0,0.0,0.0,0.0,0.0,0.0,0.0,0.0
Striatal-medium-spiny-neuron,4506,0.000222,0.0,0.000222,0.0,0.000444,0.0,0.0,0.0,0.988016,0.000222,0.010652,0.0,0.000222,0.0,0.0,0.0,0.0,0.0,0.0,0.0,0.0,0.0,0.0,0.0,0.0,0.0,0.0
VIP-positive-interneuron,1386,0.0,0.0,0.000722,0.0,0.722222,0.276335,0.0,0.000722,0.0,0.0,0.0,0.0,0.0,0.0,0.0,0.0,0.0,0.0,0.0,0.0,0.0,0.0,0.0,0.0,0.0,0.0,0.0
Vascular-Leptomeningeal-Cells,559,0.0,0.0,0.0,0.0,0.0,0.0,0.0,0.0,0.0,0.0,0.0,0.0,0.0,0.0,0.0,0.0,0.0,0.0,0.0,0.0,0.0,0.0,0.0,0.001789,0.0,0.998211,0.0
cluster-102,85,0.0,0.0,0.0,0.0,0.0,0.0,0.011765,0.988235,0.0,0.0,0.0,0.0,0.0,0.0,0.0,0.0,0.0,0.0,0.0,0.0,0.0,0.0,0.0,0.0,0.0,0.0,0.0
cluster-105,59,0.0,0.0,1.0,0.0,0.0,0.0,0.0,0.0,0.0,0.0,0.0,0.0,0.0,0.0,0.0,0.0,0.0,0.0,0.0,0.0,0.0,0.0,0.0,0.0,0.0,0.0,0.0
cluster-108,53,0.0,0.0,0.0,0.0,0.0,0.0,1.0,0.0,0.0,0.0,0.0,0.0,0.0,0.0,0.0,0.0,0.0,0.0,0.0,0.0,0.0,0.0,0.0,0.0,0.0,0.0,0.0
cluster-109,27,1.0,0.0,0.0,0.0,0.0,0.0,0.0,0.0,0.0,0.0,0.0,0.0,0.0,0.0,0.0,0.0,0.0,0.0,0.0,0.0,0.0,0.0,0.0,0.0,0.0,0.0,0.0
cluster-27,823,0.405832,0.025516,0.00729,0.010936,0.070474,0.003645,0.001215,0.00243,0.020656,0.001215,0.008505,0.003645,0.003645,0.00243,0.0,0.008505,0.006075,0.006075,0.00486,0.00243,0.00243,0.006075,0.37181,0.010936,0.001215,0.00243,0.009721
cluster-64,402,0.977612,0.0,0.0,0.0,0.0,0.0,0.0,0.0,0.0,0.0,0.002488,0.0,0.012438,0.0,0.0,0.002488,0.002488,0.0,0.0,0.002488,0.0,0.0,0.0,0.0,0.0,0.0,0.0
cluster-69,357,0.997199,0.002801,0.0,0.0,0.0,0.0,0.0,0.0,0.0,0.0,0.0,0.0,0.0,0.0,0.0,0.0,0.0,0.0,0.0,0.0,0.0,0.0,0.0,0.0,0.0,0.0,0.0
cluster-76,323,0.532508,0.049536,0.009288,0.027864,0.111455,0.012384,0.003096,0.006192,0.024768,0.003096,0.003096,0.009288,0.0,0.0,0.0,0.009288,0.0,0.012384,0.012384,0.0,0.012384,0.0,0.136223,0.003096,0.0,0.006192,0.01548
cluster-81,281,0.0,0.0,0.0,0.0,0.0,0.0,0.0,0.0,1.0,0.0,0.0,0.0,0.0,0.0,0.0,0.0,0.0,0.0,0.0,0.0,0.0,0.0,0.0,0.0,0.0,0.0,0.0
cluster-85,244,0.0,0.0,0.0,0.0,0.995902,0.0,0.0,0.0,0.004098,0.0,0.0,0.0,0.0,0.0,0.0,0.0,0.0,0.0,0.0,0.0,0.0,0.0,0.0,0.0,0.0,0.0,0.0
cluster-86,225,0.026667,0.017778,0.8,0.017778,0.004444,0.013333,0.0,0.008889,0.0,0.008889,0.017778,0.008889,0.026667,0.026667,0.0,0.004444,0.008889,0.0,0.004444,0.0,0.004444,0.0,0.0,0.0,0.0,0.0,0.0
cluster-90,172,0.27907,0.017442,0.0,0.226744,0.040698,0.005814,0.005814,0.0,0.005814,0.0,0.011628,0.133721,0.017442,0.023256,0.0,0.0,0.0,0.034884,0.017442,0.0,0.011628,0.104651,0.023256,0.0,0.0,0.02907,0.011628
cluster-93,158,0.0,0.0,0.0,0.0,0.987342,0.0,0.0,0.0,0.012658,0.0,0.0,0.0,0.0,0.0,0.0,0.0,0.0,0.0,0.0,0.0,0.0,0.0,0.0,0.0,0.0,0.0,0.0
cluster-94,154,0.987013,0.012987,0.0,0.0,0.0,0.0,0.0,0.0,0.0,0.0,0.0,0.0,0.0,0.0,0.0,0.0,0.0,0.0,0.0,0.0,0.0,0.0,0.0,0.0,0.0,0.0,0.0
cluster-97,114,0.789474,0.0,0.0,0.035088,0.0,0.0,0.0,0.008772,0.0,0.061404,0.04386,0.0,0.061404,0.0,0.0,0.0,0.0,0.0,0.0,0.0,0.0,0.0,0.0,0.0,0.0,0.0,0.0
glutamatergic-excitatory-neurons,1707,0.01406,0.001172,0.001757,0.000586,0.001172,0.0,0.0,0.024605,0.009373,0.110721,0.324546,0.05331,0.197422,0.018746,0.006444,0.197422,0.02109,0.015231,0.002343,0.0,0.0,0.0,0.0,0.0,0.0,0.0,0.0
